"Country","Infant_Mortality","Region"
"Somalia",81.5,"Africa"
"Central African Republic",79.3,"Africa"
"Equatorial Guinea",76.9,"Africa"
"Sierra Leone",70.1,"Africa"
"Nigeria",65.6,"Africa"
"Niger",63,"Africa"
"Chad",61.1,"Africa"
"South Sudan",58.6,"Africa"
"Mozambique",56.7,"Africa"
"Mali",55.8,"Africa"
"Congo, Democratic Republic of the",55.8,"Africa"
"Liberia",55.2,"Africa"
"Comoros",53.9,"Africa"
"Cote d'Ivoire",52.3,"Africa"
"Lesotho",52.2,"Africa"
"Benin",51.6,"Africa"
"Pakistan",50.3,"South Asia"
"Burkina Faso",48,"Africa"
"Angola",46.1,"Africa"
"Guinea",45.8,"Africa"
"Guinea-Bissau",45.1,"Africa"
"Cameroon",44.6,"Africa"
"Djibouti",44.3,"Africa"
"Yemen",42.4,"Middle East"
"Afghanistan",42,"South Asia"
"Timor-Leste",41.9,"East and Southeast Asia"
"Sao Tome and Principe",41.7,"Africa"
"Sudan",39.7,"Africa"
"Eritrea",39,"Africa"
"Madagascar",38.4,"Africa"
"Eswatini",38,"Africa"
"Burundi",35.3,"Africa"
"Haiti",35,"Central America and the Caribbean"
"Gambia, The",35,"Africa"
"Turkmenistan",35,"Central Asia"
"Togo",34.5,"Africa"
"Laos",34.2,"East and Southeast Asia"
"Zimbabwe",32.8,"Africa"
"Papua New Guinea",31.3,"East and Southeast Asia"
"Ethiopia",31.3,"Africa"
"Kiribati",30.8,"Australia and Oceania"
"Burma",30.8,"East and Southeast Asia"
"Ghana",30.5,"Africa"
"India",30.5,"South Asia"
"Senegal",30.4,"Africa"
"Zambia",30.1,"Africa"
"Mauritania",29.9,"Africa"
"Congo, Republic of the",29.9,"Africa"
"Suriname",29.3,"South America"
"Malawi",28.9,"Africa"
"Tanzania",28.4,"Africa"
"Botswana",27.8,"Africa"
"Uganda",27.5,"Africa"
"Rwanda",27.4,"Africa"
"Cambodia",27.2,"East and Southeast Asia"
"Tuvalu",27.2,"Australia and Oceania"
"Namibia",27.1,"Africa"
"Kenya",26.8,"Africa"
"Gabon",26,"Africa"
"Kyrgyzstan",24,"Central Asia"
"Maldives",23.7,"South Asia"
"Guatemala",23.4,"Central America and the Caribbean"
"Nepal",23.4,"South Asia"
"Bhutan",23,"South Asia"
"Bolivia",22.1,"South America"
"Bangladesh",22,"South Asia"
"Cabo Verde",21.9,"Africa"
"Paraguay",21.4,"South America"
"Kosovo",21,"Europe"
"Georgia",20.9,"Central Asia"
"Dominican Republic",20.8,"Central America and the Caribbean"
"Guyana",20.6,"South America"
"Micronesia, Federated States of",20.4,"Australia and Oceania"
"Tajikistan",20.3,"Central Asia"
"Marshall Islands",20.1,"Australia and Oceania"
"South Africa",19.7,"Africa"
"Solomon Islands",18.6,"Australia and Oceania"
"Algeria",18.6,"Africa"
"Indonesia",18.5,"East and Southeast Asia"
"Philippines",18.5,"East and Southeast Asia"
"Iraq",18.3,"Middle East"
"Turkey (Turkiye)",17.9,"Middle East"
"Morocco",17.8,"Africa"
"Uzbekistan",17.6,"Central Asia"
"Saint Helena, Ascension, and Tristan da Cunha",17.5,"Africa"
"Samoa",17.2,"Australia and Oceania"
"Egypt",16.4,"Africa"
"Honduras",15.4,"Central America and the Caribbean"
"Barbados",15.1,"Central America and the Caribbean"
"Cook Islands",14.8,"Australia and Oceania"
"Korea, North",14.7,"East and Southeast Asia"
"Syria",14.7,"Middle East"
"Trinidad and Tobago",14.7,"Central America and the Caribbean"
"Jamaica",14.5,"Central America and the Caribbean"
"Gaza Strip",14.2,"Middle East"
"West Bank",14.2,"Middle East"
"Nicaragua",14.1,"Central America and the Caribbean"
"Vietnam",13.8,"East and Southeast Asia"
"Oman",13.6,"Middle East"
"Venezuela",13.6,"South America"
"Moldova",13.5,"Europe"
"Vanuatu",13.4,"Australia and Oceania"
"Antigua and Barbuda",13.3,"Central America and the Caribbean"
"Panama",13.2,"Central America and the Caribbean"
"British Virgin Islands",13,"Central America and the Caribbean"
"Jordan",12.9,"Middle East"
"Brazil",12.7,"South America"
"Mexico",12.3,"North America"
"Saint Vincent and the Grenadines",12,"Central America and the Caribbean"
"Northern Mariana Islands",11.6,"Australia and Oceania"
"Colombia",11.6,"South America"
"Tonga",11.5,"Australia and Oceania"
"Saudi Arabia",11.4,"Middle East"
"Mauritius",11.4,"Africa"
"Saint Lucia",11.3,"Central America and the Caribbean"
"Armenia",11.3,"Central Asia"
"Belize",11.3,"Central America and the Caribbean"
"Aruba",11.2,"Central America and the Caribbean"
"Ecuador",11.2,"South America"
"Turks and Caicos Islands",10.8,"Central America and the Caribbean"
"Albania",10.8,"Europe"
"Azerbaijan",10.7,"Central Asia"
"Guam",10.7,"Australia and Oceania"
"Tunisia",10.6,"Africa"
"Peru",10.6,"South America"
"Palau",10.6,"Australia and Oceania"
"Dominica",10.5,"Central America and the Caribbean"
"Libya",10.4,"Africa"
"Seychelles",10,"Africa"
"El Salvador",10,"Central America and the Caribbean"
"Brunei",9.8,"East and Southeast Asia"
"Iran",9.7,"Middle East"
"Bahrain",9.6,"Middle East"
"American Samoa",9.5,"Australia and Oceania"
"Fiji",9.4,"Australia and Oceania"
"Montserrat",9.4,"Central America and the Caribbean"
"Bahamas, The",9.2,"Central America and the Caribbean"
"Grenada",8.8,"Central America and the Caribbean"
"Mongolia",8.6,"East and Southeast Asia"
"Ukraine",8.4,"Europe"
"Greenland",8.3,"North America"
"Cyprus",7.9,"Europe"
"Kazakhstan",7.9,"Central Asia"
"Saint Kitts and Nevis",7.9,"Central America and the Caribbean"
"Saint Pierre and Miquelon",7.6,"North America"
"Sint Maarten",7.5,"Central America and the Caribbean"
"Bulgaria",7.5,"Europe"
"Nauru",7.5,"Australia and Oceania"
"Curacao",7.4,"Central America and the Caribbean"
"Argentina",7.4,"South America"
"Lebanon",7.3,"Middle East"
"Virgin Islands",7.2,"Central America and the Caribbean"
"Cayman Islands",7.1,"Central America and the Caribbean"
"Kuwait",7,"Middle East"
"Uruguay",6.9,"South America"
"North Macedonia",6.8,"Europe"
"Sri Lanka",6.8,"South Asia"
"Russia",6.4,"Central Asia"
"Costa Rica",6.3,"Central America and the Caribbean"
"Saint Martin",6.3,"Central America and the Caribbean"
"Malaysia",6.3,"East and Southeast Asia"
"Saint Barthelemy",6.3,"Central America and the Caribbean"
"Thailand",6.2,"East and Southeast Asia"
"Qatar",6.2,"Middle East"
"San Marino",6.1,"Europe"
"China",6,"East and Southeast Asia"
"Gibraltar",5.9,"Europe"
"Puerto Rico",5.7,"Central America and the Caribbean"
"Faroe Islands",5.6,"Europe"
"Romania",5.3,"Europe"
"Cuba",5.2,"Central America and the Caribbean"
"United States",5,"North America"
"Slovakia",5,"Europe"
"United Arab Emirates",4.9,"Middle East"
"New Caledonia",4.8,"Australia and Oceania"
"Poland",4.6,"Europe"
"Malta",4.6,"Europe"
"Hungary",4.6,"Europe"
"Chile",4.5,"South America"
"Serbia",4.4,"Europe"
"Macau",4.3,"East and Southeast Asia"
"French Polynesia",4.2,"Australia and Oceania"
"Isle of Man",4,"Europe"
"Wallis and Futuna",3.8,"Australia and Oceania"
"Canada",3.8,"North America"
"Bosnia and Herzegovina",3.8,"Europe"
"Taiwan",3.8,"East and Southeast Asia"
"Liechtenstein",3.8,"Europe"
"Jersey",3.7,"Europe"
"United Kingdom",3.7,"Europe"
"Netherlands",3.6,"Europe"
"Croatia",3.4,"Europe"
"Greece",3.4,"Europe"
"New Zealand",3.3,"Australia and Oceania"
"Andorra",3.3,"Europe"
"Guernsey",3.2,"Europe"
"Austria",3.2,"Europe"
"Ireland",3.2,"Europe"
"France",3.1,"Europe"
"Montenegro",3.1,"Europe"
"Luxembourg",3.1,"Europe"
"Denmark",3.1,"Europe"
"Australia",3,"Australia and Oceania"
"Switzerland",3,"Europe"
"Belgium",3,"Europe"
"Germany",3,"Europe"
"Italy",3,"Europe"
"Anguilla",2.9,"Central America and the Caribbean"
"Israel",2.6,"Middle East"
"Lithuania",2.5,"Europe"
"Czechia",2.5,"Europe"
"Hong Kong",2.4,"East and Southeast Asia"
"Portugal",2.4,"Europe"
"Spain",2.4,"Europe"
"Latvia",2.4,"Europe"
"Sweden",2.2,"Europe"
"Korea, South",2.2,"East and Southeast Asia"
"Belarus",2.1,"Europe"
"Bermuda",2.1,"North America"
"Estonia",2,"Europe"
"Finland",1.9,"Europe"
"Norway",1.8,"Europe"
"Japan",1.8,"East and Southeast Asia"
"Slovenia",1.8,"Europe"
"Monaco",1.7,"Europe"
"Iceland",1.6,"Europe"
"Singapore",1.5,"East and Southeast Asia"
